id	taxonomy
a4e837a406b02937ff2c72ee70ccd9c5	k__Bacteria; p__Firmicutes; c__Clostridia; o__Eubacteriales; f__Lachnospiraceae; g__Blautia; s__Blautia_luti-obeum-wexlerae
cfbbef90c136a681b68047afb1d30da5	k__Bacteria; p__Bacteroidetes; c__Bacteroidia; o__Bacteroidales; f__Bacteroidaceae; g__Phocaeicola; s__Phocaeicola_dorei-vulgatus
7a8603388f24ceb73a765c63fbd45827	k__Bacteria; p__Bacteroidetes; c__Bacteroidia; o__Bacteroidales; f__Bacteroidaceae; g__Phocaeicola; s__Phocaeicola_dorei-vulgatus
16f8f26defa3f060e1736016f0180600	k__Bacteria; p__Bacteroidetes; c__Bacteroidia; o__Bacteroidales; f__Bacteroidaceae; g__Phocaeicola; s__Phocaeicola_vulgatus
e05e9ce9b60bdf7edca2d3c1a1957983	k__Bacteria; p__Bacteroidetes; c__Bacteroidia; o__Bacteroidales; f__Bacteroidaceae; g__Phocaeicola; s__Phocaeicola_dorei-vulgatus
c0a5f43b587c678c52154d6dcf8cf376	k__Bacteria; p__Firmicutes; c__Clostridia; o__Eubacteriales; f__Oscillospiraceae; g__Faecalibacterium; s__Faecalibacterium_prausnitzii
48d6db1826db79b1af5465b1b7b0e421	k__Bacteria; p__Firmicutes; c__Clostridia; o__Eubacteriales; f__Lachnospiraceae; g__Roseburia; s__Roseburia_hominis-intestinalis
19cbf5f0bc64318a94763c21cb8ebc50	k__Bacteria; p__Firmicutes; c__Clostridia; o__Eubacteriales; f__Oscillospiraceae; g__Ruminococcus; s__Ruminococcus_bromii
d723d8c35f97a6730f1cb7098ac6f822	k__Bacteria; p__Firmicutes; c__Clostridia; o__Eubacteriales; f__Lachnospiraceae; g__Unknown; s__[Eubacterium]_rectale
5753f8ef2cb2090cd65696655b3044b7	k__Bacteria; p__Bacteroidetes; c__Bacteroidia; o__Bacteroidales; f__Rikenellaceae; g__Alistipes; s__Alistipes_onderdonkii
cefb03b8996e0a863e55f6380a291815	k__Bacteria; p__Bacteroidetes; c__Bacteroidia; o__Bacteroidales; f__Tannerellaceae; g__Parabacteroides; s__Parabacteroides_merdae
4032a27979b1ae05ddcece69464ad811	k__Bacteria; p__Bacteroidetes; c__Bacteroidia; o__Bacteroidales; f__Tannerellaceae; g__Parabacteroides; s__Parabacteroides_distasonis
b2e020d278be0239748098c425a09eaa	k__Bacteria; p__Firmicutes; c__Clostridia; o__Eubacteriales; f__Oscillospiraceae; g__Faecalibacterium; s__Faecalibacterium_prausnitzii
d9078704085b5a0ba122decc622b1ece	k__Bacteria; p__Firmicutes; c__Clostridia; o__Eubacteriales; f__Lachnospiraceae; g__Fusicatenibacter; s__Fusicatenibacter_saccharivorans
579495d13501d66e8aabf27c2b466359	k__Bacteria; p__Firmicutes; c__Clostridia; o__Eubacteriales; f__Eubacteriaceae; g__Eubacterium; s__Eubacterium_coprostanoligenes
feba681c3007ed2781f665e15b322e22	k__Bacteria; p__Firmicutes; c__Clostridia; o__Eubacteriales; f__Lachnospiraceae; g__Blautia; s__Blautia_faecis
29a3ecffa6bc61879b1d8ffae97c22ce	k__Bacteria; p__Firmicutes; c__Clostridia; o__Eubacteriales; f__Oscillospiraceae; g__Ruminococcus; s__Ruminococcus_bicirculans
e4ca3db2eef8d020975e2ed77c2ec71b	k__Bacteria; p__Firmicutes; c__Clostridia; o__Eubacteriales; f__Oscillospiraceae-Unknown; g__Faecalibacterium-Gemmiger-Subdoligranulum; s__Faecalibacterium_prausnitzii:Gemmiger_formicilis:Subdoligranulum_variabile
7e7ddc0328f4e122b5a0a16dd886ed4a	k__Bacteria; p__Bacteroidetes; c__Bacteroidia; o__Bacteroidales; f__Prevotellaceae; g__Prevotella; s__Prevotella_copri
77926c861b78707eb319383e137d5e19	k__Bacteria; p__Bacteroidetes; c__Bacteroidia; o__Bacteroidales; f__Prevotellaceae; g__Prevotella; s__Prevotella_corporis
0dcfd8443e97741d0ef0692b22154a2f	k__Bacteria; p__Firmicutes; c__Erysipelotrichia; o__Erysipelotrichales; f__Erysipelotrichaceae; g__Holdemanella-Faecalitalea-[Eubacterium]-Faecalicoccus; s__[Eubacterium]_biforme:Holdemanella_biformis:Faecalitalea_cylindroides:Faecalicoccus_acidiformans
ebb2d075613a599ce0b006f82ecad961	k__Bacteria; p__Bacteroidetes; c__Bacteroidia; o__Bacteroidales; f__Bacteroidaceae; g__Bacteroides-Phocaeicola; s__Bacteroides_caccae-stercoris:Phocaeicola_dorei
93e1c76e3803548847aa874029b4c520	k__Bacteria; p__Bacteroidetes; c__Bacteroidia; o__Bacteroidales; f__Prevotellaceae; g__Prevotella; s__Prevotella_copri
7847ae4ee49d0b2ed846c750464ae59f	k__Bacteria; p__Firmicutes; c__Clostridia; o__Eubacteriales; f__Lachnospiraceae; g__Coprococcus; s__Coprococcus_comes
86e39a9fbb3ea4fb84203cdb6a0e1fac	k__Bacteria; p__Firmicutes; c__Clostridia; o__Eubacteriales; f__Lachnospiraceae; g__Blautia; s__Blautia_obeum
24147526dccbca3c9ba89c844c146550	k__Bacteria; p__Firmicutes; c__Clostridia; o__Eubacteriales; f__Lachnospiraceae; g__Lachnospiraceae_UCG-004; s__[Eubacterium]_hallii
585117bd7a9087c3d705b333203fa73e	k__Bacteria; p__Bacteroidetes; c__Bacteroidia; o__Bacteroidales; f__Prevotellaceae; g__Paraprevotella; s__Paraprevotella_clara
0da6637630fe1b4544b07fd7cc7260f5	k__Bacteria; p__Firmicutes; c__Clostridia; o__Eubacteriales; f__Lachnospiraceae; g__Mediterraneibacter-[Ruminococcus]_torques_group; s__Ruminococcus_torques:[Ruminococcus]_torques
6bb7bdaad264326ee806c6f79c039d95	k__Bacteria; p__Firmicutes; c__Clostridia; o__Eubacteriales; f__Lachnospiraceae; g__Blautia; s__Blautia_schinkii
7a51825986e48ad18a260aec942e07dc	k__Bacteria; p__Firmicutes; c__Clostridia; o__Eubacteriales; f__Oscillospiraceae; g__Faecalibacterium; s__Faecalibacterium_prausnitzii
a9dd2f375d1a5f4f087e49678ac38f4f	k__Bacteria; p__Firmicutes; c__Clostridia; o__Eubacteriales; f__Oscillospiraceae; g__Dysosmobacter; s__Dysosmobacter_welbionis
2eae2d14ea1f2553c6cc2b43e906de90	k__Bacteria; p__Verrucomicrobia; c__Verrucomicrobiae; o__Verrucomicrobiales; f__Akkermansiaceae; g__Akkermansia; s__Akkermansia_muciniphila
ba9dc3eff7ed1f0cd142bf631d7ba665	k__Bacteria; p__Firmicutes; c__Negativicutes; o__Acidaminococcales; f__Acidaminococcaceae; g__Acidaminococcus; s__Acidaminococcus_fermentans-intestini
26ea6f760bd6a728ea0a54c1dc804abf	k__Bacteria; p__Firmicutes; c__Clostridia; o__Eubacteriales; f__Oscillospiraceae; g__Sporobacter; s__Sporobacter_termitidis
9074107654017df216cc6cfd421657f5	k__Bacteria; p__Firmicutes; c__Clostridia; o__Eubacteriales; f__Lachnospiraceae; g__Anaerostipes; s__Anaerostipes_hadrus
176ce808c5753978f64c73786e63d5d3	k__Bacteria; p__Firmicutes; c__Clostridia; o__Eubacteriales; f__Oscillospiraceae; g__Sporobacter; s__Sporobacter_termitidis
d4e90fe7b1cc3604b34dff3f5b39d60e	k__Bacteria; p__Firmicutes; c__Clostridia; o__Eubacteriales; f__Lachnospiraceae; g__[Eubacterium]_eligens_group; s__[Eubacterium]_eligens
a5860fd6bfd0457418b9d11534736943	k__Bacteria; p__Firmicutes; c__Clostridia; o__Eubacteriales; f__Oscillospiraceae; g__Monoglobus; s__Monoglobus_pectinilyticus
55833a4b88242f2b8c70d060c786acb3	k__Bacteria; p__Firmicutes; c__Clostridia; o__Eubacteriales; f__Lachnospiraceae; g__[Eubacterium]_eligens_group; s__[Eubacterium]_eligens
e26865695058b74d681623c34c416564	k__Bacteria; p__Firmicutes; c__Clostridia; o__Eubacteriales; f__Oscillospiraceae; g__Ruthenibacterium; s__Ruthenibacterium_lactatiformans
4402378a6d3451a7118a023f983d4d5c	k__Bacteria; p__Bacteroidetes; c__Bacteroidia; o__Bacteroidales; f__Barnesiellaceae; g__Barnesiella; s__Barnesiella_intestinihominis
865f368fae3d1a90ec05663b85db9379	k__Bacteria; p__Bacteroidetes; c__Bacteroidia; o__Bacteroidales; f__Bacteroidaceae; g__Bacteroides; s__Bacteroides_kribbi-xylanisolvens
ae3ae11c710465c8def1ea338f64e8aa	k__Bacteria; p__Bacteroidetes; c__Bacteroidia; o__Bacteroidales; f__Tannerellaceae; g__Parabacteroides; s__Parabacteroides_goldsteinii
aae4c05c020a57b1b053cb7c8b115ff1	k__Bacteria; p__Proteobacteria; c__Betaproteobacteria; o__Burkholderiales; f__Sutterellaceae; g__Parasutterella; s__Parasutterella_excrementihominis
3359a411db04e575cd1baa9b67e77e58	k__Bacteria; p__Firmicutes; c__Clostridia; o__Eubacteriales; f__Lachnospiraceae; g__[Eubacterium]_eligens_group; s__[Eubacterium]_eligens
d2ec6807b673ce67be15ff32b47ae380	k__Bacteria; p__Firmicutes; c__Clostridia; o__Eubacteriales; f__Lachnospiraceae; g__Blautia; s__Blautia_luti
40991ea576daba8fa65f8bc92a94e35d	k__Bacteria; p__Bacteroidetes; c__Bacteroidia; o__Bacteroidales; f__Bacteroidaceae; g__Phocaeicola; s__Phocaeicola_plebeius
ee172c901ad30222fdb8216df718416a	k__Bacteria; p__Firmicutes; c__Clostridia; o__Eubacteriales; f__Oscillospiraceae; g__Marseillibacter; s__Marseillibacter_massiliensis
58a2373861338cb5d5967356ed1889f1	k__Bacteria; p__Firmicutes; c__Clostridia; o__Eubacteriales; f__Unknown; g__Flintibacter; s__Flintibacter_butyricus
f22bf69a67fc25c1e12b523631191c94	k__Bacteria; p__Firmicutes; c__Clostridia; o__Eubacteriales; f__Lachnospiraceae; g__Coprococcus; s__Coprococcus_eutactus
b5d8c67b577ffacf1c859f0a34dc761a	k__Bacteria; p__Firmicutes; c__Erysipelotrichia; o__Erysipelotrichales; f__Erysipelotrichaceae; g__Erysipelatoclostridium; s__Erysipelatoclostridium_ramosum:[Clostridium]_saccharogumia
67f49255e0f4586539df264011a5a7d5	k__Bacteria; p__Bacteroidetes; c__Bacteroidia; o__Bacteroidales; f__Bacteroidaceae; g__Bacteroides; s__Bacteroides_caccae
d2ad9cc63018b67aa5cf74d2eeb2b8ff	k__Bacteria; p__Bacteroidetes; c__Bacteroidia; o__Bacteroidales; f__Bacteroidaceae; g__Phocaeicola; s__Phocaeicola_dorei-vulgatus
ce5fd9e2e7a6ffdb213afaeb4c2ce41f	k__Bacteria; p__Firmicutes; c__Clostridia; o__Eubacteriales; f__Lachnospiraceae; g__Anaerostipes; s__Anaerostipes_hadrus
c9d3b678847c268d06b769d81aee467c	k__Bacteria; p__Bacteroidetes; c__Bacteroidia; o__Bacteroidales; f__Bacteroidaceae; g__Phocaeicola; s__Phocaeicola_dorei
3ffeaa28c48c6c6280aa9c83d0cb2d3b	k__Bacteria; p__Firmicutes; c__Clostridia; o__Eubacteriales; f__Lachnospiraceae; g__Anaerostipes; s__Anaerostipes_hadrus
eb31dee039fbd388df66595472a49877	k__Bacteria; p__Firmicutes; c__Clostridia; o__Eubacteriales; f__Oscillospiraceae; g__Oscillibacter; s__Oscillibacter_ruminantium
b9130fbd273d19f161770137f1dd86d5	k__Bacteria; p__Bacteroidetes; c__Bacteroidia; o__Bacteroidales; f__Bacteroidaceae; g__Phocaeicola; s__Phocaeicola_massiliensis
45b775f8e554d1e9cb6f223f943a511d	k__Bacteria; p__Firmicutes; c__Clostridia; o__Eubacteriales; f__Lachnospiraceae; g__Coprococcus; s__Coprococcus_catus
5aaeb03e3df13b97b21a6bc06562445e	k__Bacteria; p__Firmicutes; c__Negativicutes; o__Acidaminococcales; f__Acidaminococcaceae; g__Phascolarctobacterium; s__Phascolarctobacterium_faecium
edbeb281d8c7ebffef21cb2028f7c273	k__Bacteria; p__Bacteroidetes; c__Bacteroidia; o__Bacteroidales; f__Rikenellaceae; g__Alistipes; s__Alistipes_finegoldii
d54e2288ea5c86b637191eee9179ccd0	k__Bacteria; p__Firmicutes; c__Clostridia; o__Eubacteriales; f__Lachnospiraceae; g__Lachnoclostridium; s__[Clostridium]_symbiosum
56b3940713d0120a2740beb6ded11c2f	k__Bacteria; p__Firmicutes; c__Clostridia; o__Eubacteriales; f__Oscillospiraceae; g__Flavonifractor; s__Flavonifractor_plautii
f0d53b265d2dda90d1e53981d6713cae	k__Bacteria; p__Firmicutes; c__Clostridia; o__Eubacteriales; f__Oscillospiraceae; g__Neglectibacter; s__Neglectibacter_timonensis
b10fd60c5c161465e7e44fecd66bb13b	k__Bacteria; p__Firmicutes; c__Clostridia; o__Eubacteriales; f__Lachnospiraceae; g__Anaerostipes; s__Anaerostipes_hadrus
6681612d1aab83bbaebbaefc96f55430	k__Bacteria; p__Verrucomicrobia; c__Verrucomicrobiae; o__Verrucomicrobiales; f__Akkermansiaceae; g__Akkermansia; s__Akkermansia_muciniphila
f7b617e773a802bbfc386a67f6e6d7ca	k__Bacteria; p__Proteobacteria; c__Gammaproteobacteria; o__Pasteurellales; f__Pasteurellaceae; g__Conservatibacter; s__Conservatibacter_flavescens
0540b015c62b3b6486dc3007194159ab	k__Bacteria; p__Firmicutes; c__Erysipelotrichia; o__Erysipelotrichales; f__Erysipelotrichaceae; g__Holdemanella-[Eubacterium]; s__Holdemanella_biformis:[Eubacterium]_biforme
3d328871706212c2869db1c7f7fb005a	k__Bacteria; p__Firmicutes; c__Clostridia; o__Eubacteriales; f__Lachnospiraceae; g__Mediterraneibacter; s__[Ruminococcus]_gnavus
b74ea1af49e1d5fa6ddb1d439dd0d63b	k__Bacteria; p__Firmicutes; c__Clostridia; o__Eubacteriales; f__Oscillospiraceae; g__Flavonifractor; s__Flavonifractor_plautii
435422f1dbe04aaa17efb728ead07b65	k__Bacteria; p__Firmicutes; c__Negativicutes; o__Veillonellales; f__Veillonellaceae; g__Dialister; s__Dialister_invisus
09792aa64c7f5ce2e16538e7e9d05f16	k__Bacteria; p__Firmicutes; c__Clostridia; o__Eubacteriales; f__Lachnospiraceae; g__Roseburia; s__Roseburia_inulinivorans
73f07135dd395cdcb7140ca824ecedf9	k__Bacteria; p__Firmicutes; c__Clostridia; o__Eubacteriales; f__Eubacteriales_Family_XIII._Incertae_Sedis; g__Ihubacter; s__Ihubacter_massiliensis
2cb50849d23f25ca0f5372eec3370dc6	k__Bacteria; p__Firmicutes; c__Clostridia; o__Eubacteriales; f__Lachnospiraceae; g__Sellimonas; s__Sellimonas_intestinalis
25a5179d06c53c077411c1985110c428	k__Bacteria; p__Firmicutes; c__Clostridia; o__Eubacteriales; f__Oscillospiraceae; g__Caproiciproducens; s__Caproiciproducens_galactitolivorans
2ffe483ee8adbc79c75eaad87973b4f7	k__Bacteria; p__Proteobacteria; c__Deltaproteobacteria; o__Desulfovibrionales; f__Desulfovibrionaceae; g__Bilophila; s__Bilophila_wadsworthia
5f94927b66347467f49e581c514e535b	k__Bacteria; p__Firmicutes; c__Clostridia; o__Eubacteriales; f__Oscillospiraceae; g__Ruminococcus; s__Ruminococcus_champanellensis-flavefaciens
084b6386343c4c7acc147bf3b5e0dc60	k__Bacteria; p__Bacteroidetes; c__Bacteroidia; o__Bacteroidales; f__Rikenellaceae; g__Alistipes; s__Alistipes_communis
d3063f003a05210dabfe6f86ce6c50ae	k__Bacteria; p__Firmicutes; c__Clostridia; o__Eubacteriales; f__Peptostreptococcaceae; g__Intestinibacter; s__Intestinibacter_bartlettii
9fd546ee32a8757ab7d3a12e37f3b96d	k__Bacteria; p__Firmicutes; c__Clostridia; o__Eubacteriales; f__Lachnospiraceae; g__Anaerotignum; s__Anaerotignum_lactatifermentans
b51a35e079a9475268a43cd12104441a	k__Bacteria; p__Bacteroidetes; c__Bacteroidia; o__Bacteroidales; f__Bacteroidaceae; g__Bacteroides-Phocaeicola; s__Bacteroides_caccae-stercoris:Phocaeicola_dorei
dfe1b63fe9f7aa093a155f87fe541227	k__Bacteria; p__Firmicutes; c__Clostridia; o__Eubacteriales; f__Lachnospiraceae; g__Blautia; s__Blautia_caecimuris-producta
5402fec78f707b64ea00a1e1546b343e	k__Bacteria; p__Firmicutes; c__Clostridia; o__Eubacteriales; f__Lachnospiraceae; g__Anaerobutyricum-[Eubacterium]_hallii_group; s__Anaerobutyricum_soehngenii:[Eubacterium]_hallii
7b90d8f5e004acf970558cb6a2c49a33	k__Bacteria; p__Firmicutes; c__Clostridia; o__Eubacteriales; f__Unknown; g__Lawsonibacter; s__Lawsonibacter_asaccharolyticus
772d3711c44fe56b36161dee5452da8f	k__Bacteria; p__Firmicutes; c__Clostridia; o__Eubacteriales; f__Lachnospiraceae; g__Tyzzerella; s__Tyzzerella_nexilis
296a716a5c1875c89d24beabf06e8aee	k__Bacteria; p__Firmicutes; c__Negativicutes; o__Veillonellales; f__Veillonellaceae; g__Dialister; s__Dialister_propionicifaciens-succinatiphilus
653d73bc941e94ff2e6d90aca410e785	k__Bacteria; p__Firmicutes; c__Clostridia; o__Eubacteriales; f__Lachnospiraceae; g__Faecalimonas; s__Faecalimonas_umbilicata
203b2139686d134681451e1aef599f58	k__Bacteria; p__Firmicutes; c__Clostridia; o__Eubacteriales; f__Eubacteriaceae; g__Eubacterium; s__Eubacterium_ramulus
37e16260991f1586f93134f51322d025	k__Bacteria; p__Firmicutes; c__Erysipelotrichia; o__Erysipelotrichales; f__Erysipelotrichaceae; g__Erysipelatoclostridium; s__[Clostridium]_innocuum
551b30facae14048ab885c726e9472a9	k__Bacteria; p__Firmicutes; c__Clostridia; o__Eubacteriales; f__Lachnospiraceae; g__Mediterraneibacter; s__Mediterraneibacter_faecis:[Ruminococcus]_torques
cdfb5207f812ad1d6a5711536a6fc93d	k__Bacteria; p__Firmicutes; c__Clostridia; o__Eubacteriales; f__Lachnospiraceae; g__Anaerobutyricum-[Eubacterium]_hallii_group; s__Anaerobutyricum_soehngenii:[Eubacterium]_hallii
7df5fd76f97713acc93a2585f0d00c79	k__Bacteria; p__Firmicutes; c__Clostridia; o__Eubacteriales; f__Lachnospiraceae; g__Anaerotignum; s__Anaerotignum_faecicola
51da264f60f339fc83e12be8376c34a0	k__Bacteria; p__Proteobacteria; c__Deltaproteobacteria; o__Desulfovibrionales; f__Desulfovibrionaceae; g__Bilophila; s__Bilophila_wadsworthia
6ba7065e1f124cd38f09365386f90159	k__Bacteria; p__Bacteroidetes; c__Bacteroidia; o__Bacteroidales; f__Rikenellaceae; g__Alistipes; s__Alistipes_inops
6a8cda6c47af5ba52509bf652960be30	k__Bacteria; p__Firmicutes; c__Clostridia; o__Eubacteriales; f__Oscillospiraceae; g__Unknown; s__[Eubacterium]_siraeum
a1982f90553c6fabdbc0b73fb0c8dd90	k__Bacteria; p__Firmicutes; c__Unknown; o__Unknown; f__Unknown; g__Negativibacillus; s__Negativibacillus_massiliensis
ca6981b3a843585a5419ae4ba423b8ea	k__Bacteria; p__Firmicutes; c__Clostridia; o__Eubacteriales; f__Lachnospiraceae; g__[Eubacterium]_hallii_group; s__[Eubacterium]_hallii
c495c2b6dbac5d82cd870567f7785e70	k__Bacteria; p__Firmicutes; c__Bacilli; o__RF39; f__RF39; g__RF39; s__anaerobic_digester
c6f0b4c0a432748372952c0df9b5c137	k__Bacteria; p__Bacteroidetes; c__Bacteroidia; o__Bacteroidales; f__Bacteroidaceae; g__Bacteroides; s__Bacteroides_rodentium
40b00008144af8fbb7a11048f4c38f1a	k__Bacteria; p__Firmicutes; c__Clostridia; o__Eubacteriales; f__Lachnospiraceae; g__Dorea-Mediterraneibacter; s__Dorea_longicatena:[Ruminococcus]_gnavus:human_intestinal
dc7a9a43b00576cd235df38feb27ab53	k__Bacteria; p__Proteobacteria; c__Epsilonproteobacteria; o__Campylobacterales; f__Campylobacteraceae; g__Campylobacter; s__Campylobacter_hominis
236f01c5d709585efdbb9304883d7396	k__Bacteria; p__Firmicutes; c__Clostridia; o__Eubacteriales; f__Clostridiaceae; g__Hungatella; s__Hungatella_hathewayi
3c430335dc8f1bdf178bacaabc76944f	k__Bacteria; p__Firmicutes; c__Clostridia; o__Eubacteriales; f__Lachnospiraceae; g__Coprococcus; s__Coprococcus_eutactus
59512ab8d95b7a28502b943d362944ea	k__Bacteria; p__Bacteroidetes; c__Bacteroidia; o__Bacteroidales; f__Bacteroidaceae; g__Phocaeicola; s__Phocaeicola_coprocola
2cdf972f5489e92001412f39beacbb93	k__Bacteria; p__Firmicutes; c__Negativicutes; o__Veillonellales; f__Veillonellaceae; g__Veillonella; s__Veillonella_infantium
9cdf33a772dc08e9487d70f8d5315693	k__Bacteria; p__Firmicutes; c__Tissierellia; o__Tissierellales; f__Peptoniphilaceae; g__Anaerococcus; s__Anaerococcus_vaginalis
055a15b34da11d79ecd9a3fcf17a3cb9	k__Bacteria; p__Firmicutes; c__Clostridia; o__Eubacteriales; f__Lachnospiraceae; g__Lachnoclostridium-Mediterraneibacter; s__[Clostridium]_scindens:[Ruminococcus]_gnavus
692898624098d768de86141839b7b7a6	k__Bacteria; p__Firmicutes; c__Clostridia; o__Eubacteriales; f__Oscillospiraceae; g__Ruminococcus; s__Ruminococcus_callidus
2e70dd66535fdedcee5618b7144cb1fc	k__Bacteria; p__Firmicutes; c__Clostridia; o__Eubacteriales; f__Lachnospiraceae; g__Roseburia; s__Roseburia_hominis-intestinalis
4ec57071f4e17875f9e7b41622868514	k__Bacteria; p__Bacteroidetes; c__Bacteroidia; o__Bacteroidales; f__Rikenellaceae; g__Alistipes; s__Alistipes_ihumii
64ce5af41454d43f86283773b96485bd	k__Bacteria; p__Firmicutes; c__Clostridia; o__Eubacteriales; f__Oscillospiraceae; g__Papillibacter; s__Papillibacter_cinnamivorans
b69b1728e1fbdfd5aa47cf38d333f8e2	k__Bacteria; p__Actinobacteria; c__Actinomycetia; o__Bifidobacteriales; f__Bifidobacteriaceae; g__Bifidobacterium; s__Bifidobacterium_dentium
193459f6b14d89ebe51fa7226af0446c	k__Bacteria; p__Bacteroidetes; c__Bacteroidia; o__Bacteroidales; f__Bacteroidaceae; g__Bacteroides; s__Bacteroides_kribbi-xylanisolvens
c6da743e2ec0223b3cb412ccf1f0d357	k__Bacteria; p__Firmicutes; c__Clostridia; o__Eubacteriales; f__Lachnospiraceae-Oscillospiraceae; g__Ruminococcus-[Ruminococcus]_torques_group; s__Ruminococcus_lactaris
e18a0ddeba869b98f712a1610ae9c8a1	k__Bacteria; p__Bacteroidetes; c__Bacteroidia; o__Bacteroidales; f__Prevotellaceae; g__Prevotellamassilia; s__Prevotellamassilia_timonensis
382d6df074a398e7e979979d49dc2aea	k__Bacteria; p__Bacteroidetes; c__Bacteroidia; o__Bacteroidales; f__Prevotellaceae; g__Prevotella; s__Prevotella_timonensis
77b1f0f02919bc2dbf0f0ffa571da526	k__Bacteria; p__Bacteroidetes; c__Bacteroidia; o__Bacteroidales; f__Rikenellaceae; g__Alistipes; s__Alistipes_putredinis
7f90deae9fbe65e01da42d03065e9de8	k__Bacteria; p__Bacteroidetes; c__Bacteroidia; o__Bacteroidales; f__Rikenellaceae; g__Alistipes; s__Alistipes_shahii
6dd5258357a30ad57f17149207a9e2e4	k__Bacteria; p__Firmicutes; c__Clostridia; o__Eubacteriales; f__Oscillospiraceae; g__Fournierella; s__Fournierella_massiliensis
e61004765b9b148b2cf52da2f2d1178e	k__Bacteria; p__Bacteroidetes; c__Bacteroidia; o__Bacteroidales; f__Bacteroidaceae; g__Bacteroides; s__Bacteroides_rodentium
d2aac02889f091eb2f81a05b3df09847	k__Bacteria; p__Actinobacteria; c__Actinomycetia; o__Bifidobacteriales; f__Bifidobacteriaceae; g__Bifidobacterium; s__Bifidobacterium_dentium
a7eb9a6ebcbf374f5c633ff812df9aa4	k__Bacteria; p__Proteobacteria; c__Betaproteobacteria; o__Burkholderiales; f__Sutterellaceae; g__Sutterella; s__Sutterella_wadsworthensis
5066049e403cffb5b404cf8d96d7c7ab	k__Bacteria; p__Bacteroidetes; c__Bacteroidia; o__Bacteroidales; f__Prevotellaceae; g__Prevotella; s__Prevotella_rara
1a414f70fb4fe648bb77f480c912b066	k__Bacteria; p__Bacteroidetes; c__Bacteroidia; o__Bacteroidales; f__Odoribacteraceae; g__Odoribacter; s__Odoribacter_splanchnicus
c859e3b10a99825df9491bbe6ab3d383	k__Bacteria; p__Firmicutes; c__Clostridia; o__Eubacteriales; f__Oscillospiraceae; g__Anaeromassilibacillus; s__Anaeromassilibacillus_senegalensis
f0164ed1eaa089906f12751ba2f83322	k__Bacteria; p__Firmicutes; c__Clostridia; o__Eubacteriales; f__Lachnospiraceae; g__Anaerosporobacter; s__Anaerosporobacter_mobilis
1dbe70544d0193741895612c9835ac6c	k__Bacteria; p__Firmicutes; c__Erysipelotrichia; o__Erysipelotrichales; f__Erysipelotrichaceae; g__Longicatena; s__Longicatena_caecimuris
8db98b20da406bb0d7d56f65869e753f	k__Bacteria; p__Firmicutes; c__Clostridia; o__Eubacteriales; f__Lachnospiraceae; g__Eisenbergiella; s__Eisenbergiella_tayi
c4b1f5a523e38d62684b7d74f0304b10	k__Bacteria; p__Bacteroidetes; c__Bacteroidia; o__Bacteroidales; f__Odoribacteraceae; g__Odoribacter; s__Odoribacter_splanchnicus
c69c80f4405fda59de1ba7896712afce	k__Bacteria; p__Proteobacteria; c__Deltaproteobacteria; o__Desulfovibrionales; f__Desulfovibrionaceae; g__Desulfovibrio; s__Desulfovibrio_piger
fd4939e0029d8d8a5d78576599a063fb	k__Bacteria; p__Bacteroidetes; c__Bacteroidia; o__Bacteroidales; f__Tannerellaceae; g__Parabacteroides; s__Parabacteroides_johnsonii
a1a555220a2201e8d3a99023fc46da92	k__Bacteria; p__Firmicutes; c__Clostridia; o__Eubacteriales; f__Lachnospiraceae; g__Mediterraneibacter; s__Mediterraneibacter_faecis:[Ruminococcus]_torques
38e4de528eda7507a8de6d4611c31aa0	k__Bacteria; p__Firmicutes; c__Clostridia; o__Eubacteriales; f__Oscillospiraceae; g__Unknown; s__[Eubacterium]_siraeum
788c3f5af5ed823cd7146a48f82a11ba	k__Bacteria; p__Firmicutes; c__Clostridia; o__Eubacteriales; f__Unknown; g__Fenollaria; s__Fenollaria_massiliensis
ef3ba7d8ab5b16c9bed3c5f9744bfb36	k__Bacteria; p__Firmicutes; c__Erysipelotrichia; o__Erysipelotrichales; f__Erysipelotrichaceae; g__Erysipelatoclostridium; s__[Clostridium]_innocuum
9b189e42b289f22808ae5ac79b96aea0	k__Bacteria; p__Firmicutes; c__Clostridia; o__Eubacteriales; f__Lachnospiraceae; g__Frisingicoccus; s__Frisingicoccus_caecimuris
7e0f502afe76a34131118c814e3c121f	k__Bacteria; p__Bacteroidetes; c__Bacteroidia; o__Bacteroidales; f__Barnesiellaceae; g__Coprobacter; s__Coprobacter_fastidiosus
3682de8944658abe18a199155ab223c9	k__Bacteria; p__Proteobacteria; c__Betaproteobacteria; o__Burkholderiales; f__Sutterellaceae; g__Duodenibacillus; s__Duodenibacillus_massiliensis
1ba90598423853d97443fbb2faa4f33e	k__Bacteria; p__Bacteroidetes; c__Bacteroidia; o__Bacteroidales; f__Prevotellaceae; g__Prevotella; s__Prevotella_buccalis
904e352fbfcb7ba293c73d918ce5d95e	k__Bacteria; p__Firmicutes; c__Clostridia; o__Eubacteriales; f__Oscillospiraceae; g__Ruminococcus; s__Ruminococcus_bromii
260902103c963a90e1f4f8807f774608	k__Bacteria; p__Bacteroidetes; c__Bacteroidia; o__Bacteroidales; f__Bacteroidaceae; g__Bacteroides; s__Bacteroides_clarus
3a5296401372894dec654ea844ce153c	k__Bacteria; p__Bacteroidetes; c__Bacteroidia; o__Bacteroidales; f__Odoribacteraceae; g__Butyricimonas; s__Butyricimonas_faecihominis-paravirosa
5426c00141f9e5e5cbeb06abd2829893	k__Bacteria; p__Firmicutes; c__Clostridia; o__Eubacteriales; f__Oscillospiraceae; g__Ruminococcus; s__Ruminococcus_bromii
38243e7b05b9601e11afb6fc21fa3b7b	k__Bacteria; p__Bacteroidetes; c__Bacteroidia; o__Bacteroidales; f__Rikenellaceae; g__Alistipes; s__Alistipes_shahii
7af32783ff48098bc85dc371d8a30d3f	k__Bacteria; p__Firmicutes; c__Clostridia; o__Eubacteriales; f__Lachnospiraceae-Oscillospiraceae; g__Ruminococcus-[Ruminococcus]_torques_group; s__Ruminococcus_lactaris
fac89877eee1228c535a91627c0086cd	k__Bacteria; p__Firmicutes; c__Clostridia; o__Eubacteriales; f__Eubacteriaceae; g__Eubacterium; s__Eubacterium_ruminantium
eb03ba08d9e0409e361b88411e8ec95d	k__Bacteria; p__Bacteroidetes; c__Bacteroidia; o__Bacteroidales; f__Prevotellaceae; g__Prevotella; s__Prevotella_copri
fdb7e496e6772eb2ef173cc525bb2fe2	k__Bacteria; p__Firmicutes; c__Tissierellia; o__Tissierellales; f__Peptoniphilaceae; g__Finegoldia; s__Finegoldia_magna
20b571afe9d15baa7f53c7f5a319a0f5	k__Bacteria; p__Firmicutes; c__Clostridia; o__Eubacteriales; f__Lachnospiraceae; g__Dorea-Mediterraneibacter; s__Dorea_longicatena:[Ruminococcus]_gnavus:human_intestinal
f57f04f6e7e4f2bb284333d68b0b7acb	k__Bacteria; p__Bacteroidetes; c__Bacteroidia; o__Bacteroidales; f__Prevotellaceae; g__Prevotella; s__Prevotella_bivia
26b99a7d950cca868e5ad445cde8e2b8	k__Bacteria; p__Firmicutes; c__Clostridia; o__Eubacteriales; f__Unknown; g__Howardella; s__Howardella_ureilytica
556caf819c80a31bc8dd75a6fcaf0a60	k__Bacteria; p__Firmicutes; c__Clostridia; o__Eubacteriales; f__Lachnospiraceae; g__Merdimonas; s__Merdimonas_faecis
465bf9cc6dae8b35f0e6b836222dee59	k__Bacteria; p__Bacteroidetes; c__Bacteroidia; o__Bacteroidales; f__Bacteroidaceae; g__Bacteroides; s__Bacteroides_caccae
08f49047b86ab70fd337764360108659	k__Bacteria; p__Bacteroidetes; c__Bacteroidia; o__Bacteroidales; f__Prevotellaceae; g__Massiliprevotella; s__Massiliprevotella_massiliensis
5b4d07ef9009fd43ed0915ce760e7a56	k__Bacteria; p__Lentisphaerae; c__Lentisphaeria; o__Victivallales; f__Victivallaceae; g__Victivallis; s__Victivallis_vadensis
868daa709a77b9696ccdc281a1269e36	k__Bacteria; p__Bacteroidetes; c__Bacteroidia; o__Bacteroidales; f__Prevotellaceae; g__Prevotella; s__Prevotella_copri
41f80052b3b8ee9e65690f625003d5b3	k__Bacteria; p__Bacteroidetes; c__Bacteroidia; o__Bacteroidales; f__Bacteroidaceae; g__Bacteroides; s__Bacteroides_salyersiae
3c5b98776352af85a5028b1eaccbbf9a	k__Bacteria; p__Firmicutes; c__Clostridia; o__Eubacteriales; f__Lachnospiraceae; g__Cuneatibacter; s__Cuneatibacter_caecimuris
cbff7469028418f110f35b9e48e3ca52	k__Bacteria; p__Firmicutes; c__Tissierellia; o__Tissierellales; f__Peptoniphilaceae; g__Peptoniphilus; s__Peptoniphilus_lacrimalis
5db2db5e92ac46c9912a57d353760cf4	k__Bacteria; p__Bacteroidetes; c__Bacteroidia; o__Bacteroidales; f__Bacteroidaceae; g__Bacteroides; s__Bacteroides_eggerthii
efe2550439d61ae129034563416bb7d5	k__Bacteria; p__Firmicutes; c__Clostridia; o__Eubacteriales; f__Oscillospiraceae; g__Ruminococcus; s__Ruminococcus_bromii
eeafd5c0c8e053d04b68096ad4b316c8	k__Bacteria; p__Proteobacteria; c__Alphaproteobacteria; o__Rhodospirillales; f__Kiloniellaceae; g__Aestuariispira; s__Aestuariispira_insulae
79fad05ca2c1eaa686fb2eae242b27ee	k__Bacteria; p__Firmicutes; c__Clostridia; o__Eubacteriales; f__Eubacteriaceae; g__Eubacterium; s__Eubacterium_ruminantium
632399bfebdaeca23081292dd7f0211a	k__Bacteria; p__Firmicutes; c__Clostridia; o__Eubacteriales; f__Clostridiaceae; g__Hungatella; s__Hungatella_hathewayi
f1701b9c83ac66825c881046950d5e2f	k__Bacteria; p__Firmicutes; c__Clostridia; o__Eubacteriales; f__Peptostreptococcaceae; g__Intestinibacter; s__Intestinibacter_bartlettii
d74b6eec71c13116871669322b60acbf	k__Bacteria; p__Firmicutes; c__Negativicutes; o__Selenomonadales; f__Selenomonadaceae; g__Megamonas; s__Megamonas_funiformis
c01ad1f350d6ade63ece4269eddb780f	k__Bacteria; p__Fusobacteria; c__Fusobacteriia; o__Fusobacteriales; f__Fusobacteriaceae; g__Fusobacterium; s__Fusobacterium_naviforme
0aa07e7725830d01e78ab2fce1c1805f	k__Bacteria; p__Firmicutes; c__Tissierellia; o__Tissierellales; f__Peptoniphilaceae; g__Peptoniphilus; s__Peptoniphilus_urinimassiliensis
094674fc3747f978c7d2c3f8381b36c8	k__Bacteria; p__Firmicutes; c__Clostridia; o__Eubacteriales; f__Lachnospiraceae; g__Coprococcus; s__Coprococcus_eutactus
ee1a2f82e5b8325cdebf99178a43a759	k__Bacteria; p__Bacteroidetes; c__Bacteroidia; o__Bacteroidales; f__Prevotellaceae; g__Prevotella; s__Prevotella_stercorea
2bfc574724d4684c375716a1cf42fa4f	k__Bacteria; p__Firmicutes; c__Erysipelotrichia; o__Erysipelotrichales; f__Erysipelotrichaceae; g__Dielma; s__Dielma_fastidiosa
3b3efff56b3f203c62fa1e6a5075abae	k__Bacteria; p__Firmicutes; c__Negativicutes; o__Veillonellales; f__Veillonellaceae; g__Megasphaera; s__Megasphaera_massiliensis
6a96e335c1795e08327a60ec53eb7041	k__Bacteria; p__Firmicutes; c__Clostridia; o__Eubacteriales; f__Eubacteriales_Family_XIII._Incertae_Sedis; g__Alterileibacterium; s__Alterileibacterium_massiliense
7a9d413bcdb2457e2c4256c972d482d9	k__Bacteria; p__Firmicutes; c__Clostridia; o__Eubacteriales; f__Lachnospiraceae; g__Coprococcus; s__Coprococcus_eutactus
243370e1f45152b4a680a679585454f2	k__Bacteria; p__Bacteroidetes; c__Bacteroidia; o__Bacteroidales; f__Porphyromonadaceae; g__Porphyromonas; s__Porphyromonas_asaccharolytica-uenonis
684570709a57a33653181fc7ae189c3b	k__Bacteria; p__Firmicutes; c__Erysipelotrichia; o__Erysipelotrichales; f__Coprobacillaceae; g__Coprobacillus; s__Coprobacillus_cateniformis
385ae8b222d5ed5f0e4920a36455e351	k__Bacteria; p__Firmicutes; c__Clostridia; o__Eubacteriales; f__Oscillospiraceae; g__Ruminococcus; s__Ruminococcus_bromii
4291a0313e749e5de94b3170ad172d67	k__Bacteria; p__Firmicutes; c__Clostridia; o__Eubacteriales; f__Lachnospiraceae; g__Anaerostipes; s__Anaerostipes_caccae
8ac721b8f731e2a9e9e25b9fe0769350	k__Bacteria; p__Bacteroidetes; c__Bacteroidia; o__Bacteroidales; f__Porphyromonadaceae; g__Porphyromonas; s__Porphyromonas_bennonis
3807d1580e679c4224fb2808e538345c	k__Bacteria; p__Bacteroidetes; c__Bacteroidia; o__Bacteroidales; f__Odoribacteraceae; g__Odoribacter; s__Odoribacter_laneus
e1d9ece9119fc6cd3c9f2bf996b17406	k__Bacteria; p__Firmicutes; c__Tissierellia; o__Tissierellales; f__Peptoniphilaceae; g__Finegoldia; s__Finegoldia_magna
5393ba1929e72161640ddc2fb406409b	k__Archaea; p__Euryarchaeota; c__Methanobacteria; o__Methanobacteriales; f__Methanobacteriaceae; g__Methanobrevibacter; s__Methanobrevibacter_smithii
b91274c2ca53318231bf22949dc71954	k__Bacteria; p__Firmicutes; c__Clostridia; o__Eubacteriales; f__Clostridiaceae; g__Clostridium; s__Clostridium_tarantellae
25bf4042bc9a40f094f0ebb3485b68a4	k__Bacteria; p__Firmicutes; c__Negativicutes; o__Veillonellales; f__Veillonellaceae; g__Veillonella; s__Veillonella_denticariosi-rodentium
5823bf53bdb28c09d8d16128bc300219	k__Bacteria; p__Firmicutes; c__Clostridia; o__Eubacteriales; f__Lachnospiraceae; g__Tyzzerella; s__[Clostridium]_colinum
6841be5409a4b71465646d74943b264e	k__Bacteria; p__Firmicutes; c__Tissierellia; o__Tissierellales; f__Peptoniphilaceae; g__Murdochiella; s__Murdochiella_asaccharolytica
824747398d3c6fe9dbb03a2447ea8227	k__Bacteria; p__Firmicutes; c__Bacilli; o__RF39; f__RF39; g__RF39; s__Firmicutes_oral
fbe78de64d736294506126424e9a3288	k__Bacteria; p__Bacteroidetes; c__Bacteroidia; o__Bacteroidales; f__Porphyromonadaceae; g__Porphyromonas; s__Porphyromonas_bennonis
093399df79d08ef303d0a7b4f010a60b	k__Bacteria; p__Firmicutes; c__Clostridia; o__Eubacteriales; f__Clostridiaceae; g__Butyricicoccus; s__Butyricicoccus_pullicaecorum
2a12d512dc6a41c53e8acad16456c16d	k__Bacteria; p__Bacteroidetes; c__Bacteroidia; o__Bacteroidales; f__Prevotellaceae; g__Prevotella; s__Prevotella_bivia
8b2d328240233f91011a3ac1f7ae78ba	k__Bacteria; p__Firmicutes; c__Clostridia; o__Eubacteriales; f__Lachnospiraceae; g__Butyrivibrio; s__Butyrivibrio_crossotus
eb2c66917b80c1a98954d23236dd5323	k__Bacteria; p__Firmicutes; c__Clostridia; o__Eubacteriales; f__Clostridiaceae; g__Clostridium; s__Clostridium_paraputrificum
b8bcc441745bafa8709ee03392e54556	k__Bacteria; p__Actinobacteria; c__Coriobacteriia; o__Eggerthellales; f__Eggerthellaceae; g__Raoultibacter; s__Raoultibacter_massiliensis-timonensis
a0fc714cc3ba078d28f061c4a1b1e75d	k__Bacteria; p__Firmicutes; c__Clostridia; o__Eubacteriales; f__Lachnospiraceae; g__Anaerotignum; s__Anaerotignum_aminivorans
edaf3e7e9db4c35570f6e9169f55cf9d	k__Bacteria; p__Firmicutes; c__Clostridia; o__Eubacteriales; f__Lachnospiraceae; g__Anaerotignum; s__Anaerotignum_lactatifermentans
3c2f089aebe8e464099f1e0a77b259e7	k__Bacteria; p__Bacteroidetes; c__Bacteroidia; o__Bacteroidales; f__Bacteroidaceae; g__Bacteroides; s__Bacteroides_eggerthii
3e0b3421ed840319e8512f4b14f743a7	k__Bacteria; p__Bacteroidetes; c__Bacteroidia; o__Bacteroidales; f__Prevotellaceae; g__Prevotella; s__Prevotella_disiens
e4e3981dd258d0863d89383e97e9ffa0	k__Bacteria; p__Bacteroidetes; c__Bacteroidia; o__Bacteroidales; f__Porphyromonadaceae; g__Porphyromonas; s__Porphyromonas_asaccharolytica-uenonis
b062625a2a374b7d8f4a70766588d82e	k__Bacteria; p__Bacteroidetes; c__Bacteroidia; o__Bacteroidales; f__Rikenellaceae; g__Alistipes; s__Alistipes_indistinctus
e1bc6b62422db587fb38db723f218f2f	k__Bacteria; p__Proteobacteria; c__Betaproteobacteria; o__Burkholderiales; f__Sutterellaceae; g__Parasutterella; s__Parasutterella_secunda
54781b1e0a640ad4115fe2bfe299d495	k__Bacteria; p__Firmicutes; c__Clostridia; o__Eubacteriales; f__Peptococcaceae; g__Peptococcus; s__Peptococcus_niger-simiae
2e40acc79019f485ee8a5a1fe9d44c2e	k__Bacteria; p__Firmicutes; c__Negativicutes; o__Veillonellales; f__Veillonellaceae; g__Dialister; s__Dialister_pneumosintes
ce23fe86c852d088f6e585470d9caf08	k__Bacteria; p__Bacteroidetes; c__Bacteroidia; o__Bacteroidales; f__Barnesiellaceae; g__Coprobacter; s__Coprobacter_secundus
d667fdf56160a8e44a23bbeb0d96060f	k__Bacteria; p__Bacteroidetes; c__Bacteroidia; o__Bacteroidales; f__Bacteroidaceae; g__Bacteroides; s__Bacteroides_caccae
4be65c3691740acb3a4004831a6b27d7	k__Bacteria; p__Firmicutes; c__Clostridia; o__Eubacteriales; f__Oscillospiraceae; g__Ruminococcus; s__Ruminococcus_callidus
cbf2d4d16c9fd744b201b0105c1269fb	k__Bacteria; p__Actinobacteria; c__Actinomycetia; o__Bifidobacteriales; f__Bifidobacteriaceae; g__Bifidobacterium; s__Bifidobacterium_bifidum
b438b480ac628a2bd6492570c8572ee1	k__Bacteria; p__Firmicutes; c__Erysipelotrichia; o__Erysipelotrichales; f__Erysipelotrichaceae; g__[Eubacterium]; s__[Eubacterium]_biforme
bbd7fab5b09b01039ffbd9a6600f2c45	k__Bacteria; p__Bacteroidetes; c__Bacteroidia; o__Bacteroidales; f__Prevotellaceae; g__Prevotella; s__Prevotella_colorans
082d6d86b5f0922b52665e74d5f57a8d	k__Bacteria; p__Firmicutes; c__Erysipelotrichia; o__Erysipelotrichales; f__Erysipelotrichaceae; g__Holdemania; s__Holdemania_massiliensis
63d620d6dde4a6d02663b8d9f8713e10	k__Bacteria; p__Bacteroidetes; c__Bacteroidia; o__Bacteroidales; f__Bacteroidaceae; g__Bacteroides; s__Bacteroides_caccae
fc6d778e1cb45588796810b72051cb45	k__Bacteria; p__Firmicutes; c__Clostridia; o__Eubacteriales; f__Lachnospiraceae; g__Dorea; s__Dorea_longicatena
8aac74d4bfcd3e762429b3d816f55b60	k__Bacteria; p__Firmicutes; c__Erysipelotrichia; o__Erysipelotrichales; f__Erysipelotrichaceae; g__Holdemania; s__Holdemania_filiformis
5c2656c44767c951640ecbbdc478eff0	k__Archaea; p__Euryarchaeota; c__Methanobacteria; o__Methanobacteriales; f__Methanobacteriaceae; g__Methanobrevibacter; s__Methanobrevibacter_smithii
612ba38af930a955d23d0f94a4e61db0	k__Bacteria; p__Firmicutes; c__Erysipelotrichia; o__Erysipelotrichales; f__Erysipelotrichaceae; g__Erysipelatoclostridium; s__[Clostridium]_spiroforme
7d3f854d0190776ba3fe63d0be311cb6	k__Bacteria; p__Bacteroidetes; c__Bacteroidia; o__Bacteroidales; f__Bacteroidaceae; g__Bacteroides; s__Bacteroides_finegoldii
dda99593d2793fa3237a87adf3520f4f	k__Bacteria; p__Firmicutes; c__Clostridia; o__Eubacteriales; f__Unknown; g__Colidextribacter; s__Colidextribacter_massiliensis
4767a2768fee7be73e1e79294fa0d53f	k__Bacteria; p__Firmicutes; c__Erysipelotrichia; o__Erysipelotrichales; f__Erysipelotrichaceae; g__Massilimicrobiota; s__Massilimicrobiota_timonensis
1ba91261271047f24cd5541fedb36a9a	k__Bacteria; p__Proteobacteria; c__Gammaproteobacteria; o__Pasteurellales; f__Pasteurellaceae; g__Conservatibacter; s__Conservatibacter_flavescens
2b07fc76b9b53a3f61a533b60a378060	k__Bacteria; p__Firmicutes; c__Bacilli; o__Lactobacillales; f__Lactobacillaceae; g__Limosilactobacillus; s__Limosilactobacillus_mucosae
d9199f913101f7986444675ad8acde4a	k__Bacteria; p__Bacteroidetes; c__Bacteroidia; o__Bacteroidales; f__Prevotellaceae; g__Prevotella; s__Prevotella_bivia
dc2efabcb92f5f77b061fe37620fb780	k__Bacteria; p__Firmicutes; c__Erysipelotrichia; o__Erysipelotrichales; f__Coprobacillaceae; g__Catenibacterium; s__Catenibacterium_mitsuokai
d1b13c8c3d5b619bdb057c552b01325b	k__Bacteria; p__Proteobacteria; c__Epsilonproteobacteria; o__Campylobacterales; f__Campylobacteraceae; g__Campylobacter; s__Campylobacter_ureolyticus
e16ec4318d2121e30646e9d5f339ae38	k__Bacteria; p__Firmicutes; c__Clostridia; o__Eubacteriales; f__Oscillospiraceae; g__Faecalibacterium; s__Faecalibacterium_prausnitzii
ca2a6a2e96fda0ab046f6b26e3ddf942	k__Bacteria; p__Bacteroidetes; c__Bacteroidia; o__Bacteroidales; f__Bacteroidaceae; g__Bacteroides; s__Bacteroides_caccae
d691710fb4cbc2466ef0268f06ee0695	k__Bacteria; p__Bacteroidetes; c__Bacteroidia; o__Bacteroidales; f__Odoribacteraceae; g__Butyricimonas; s__Butyricimonas_faecihominis-paravirosa
34fd1720f4d420068bb7a8699dbdcf06	k__Bacteria; p__Bacteroidetes; c__Bacteroidia; o__Bacteroidales; f__Bacteroidaceae; g__Bacteroides; s__Bacteroides_salyersiae
d1478f05d153dee0a8cfea8294cb446c	k__Bacteria; p__Fusobacteria; c__Fusobacteriia; o__Fusobacteriales; f__Fusobacteriaceae; g__Fusobacterium; s__Fusobacterium_gonidiaformans-necrophorum
27ab974b0c70071aa37499b3aa1d99a0	k__Bacteria; p__Firmicutes; c__Negativicutes; o__Veillonellales; f__Veillonellaceae; g__Allisonella; s__Allisonella_histaminiformans
ece2cac15f2df38770ec0deb4e6d7478	k__Bacteria; p__Firmicutes; c__Clostridia; o__Eubacteriales; f__Oscillospiraceae; g__Ruminococcus; s__Ruminococcus_callidus
347c510cca549774a735c81afd14b4ed	k__Bacteria; p__Firmicutes; c__Clostridia; o__Eubacteriales; f__Oscillospiraceae; g__Ethanoligenens; s__Ethanoligenens_harbinense
0896b723177b33a50248bb5e88366614	k__Bacteria; p__Proteobacteria; c__Deltaproteobacteria; o__Desulfovibrionales; f__Desulfovibrionaceae; g__Desulfovibrio; s__Desulfovibrio_D168
e493643a44f579b8047b9aa98f445acc	k__Bacteria; p__Firmicutes; c__Erysipelotrichia; o__Erysipelotrichales; f__Turicibacteraceae; g__Turicibacter; s__Turicibacter_sanguinis
e0b38d95e7c142ec2615f28b18a601ed	k__Bacteria; p__Firmicutes; c__Clostridia; o__Eubacteriales; f__Lachnospiraceae; g__Lachnoclostridium; s__Lachnoclostridium_phocaeense
f5277225cac1a154e1cfc8b78a33fa83	k__Bacteria; p__Firmicutes; c__Clostridia; o__Eubacteriales; f__Oscillospiraceae; g__Pseudoflavonifractor; s__Pseudoflavonifractor_capillosus
a2c020533120869b7193c96b9080ef04	k__Bacteria; p__Firmicutes; c__Erysipelotrichia; o__Erysipelotrichales; f__Erysipelotrichaceae; g__Erysipelatoclostridium; s__Erysipelatoclostridium_ramosum:[Clostridium]_saccharogumia
99277096c69c6b9e883783cb11ae383b	k__Bacteria; p__Firmicutes; c__Negativicutes; o__Veillonellales; f__Veillonellaceae; g__Megasphaera; s__Megasphaera_elsdenii
ef99d99a17ae14493cadee9a1de434af	k__Bacteria; p__Bacteroidetes; c__Bacteroidia; o__Bacteroidales; f__Bacteroidaceae; g__Bacteroides; s__Bacteroides_caccae
8049b2d3e1d8545ebdd1003800c38db0	k__Bacteria; p__Bacteroidetes; c__Bacteroidia; o__Bacteroidales; f__Tannerellaceae; g__Parabacteroides; s__Parabacteroides_distasonis
cc7ee012fc282b985dc6eadc247ddd62	k__Bacteria; p__Bacteroidetes; c__Bacteroidia; o__Bacteroidales; f__Odoribacteraceae; g__Butyricimonas; s__Butyricimonas_virosa
24c2ae322d93c1ae8ade4b3e623c5160	k__Bacteria; p__Proteobacteria; c__Deltaproteobacteria; o__Desulfovibrionales; f__Desulfovibrionaceae; g__Desulfovibrio; s__Desulfovibrio_D168
83dfaa289bdd72969f53ed9f45037ffb	k__Bacteria; p__Firmicutes; c__Erysipelotrichia; o__Erysipelotrichales; f__Erysipelotrichaceae; g__Faecalicoccus; s__Faecalicoccus_acidiformans
ad59f221a9689e17136024930052af65	k__Bacteria; p__Bacteroidetes; c__Bacteroidia; o__Bacteroidales; f__Bacteroidaceae; g__Bacteroides; s__Bacteroides_caccae
16b422bb3e333f2daba0e5986f82d4a8	k__Bacteria; p__Bacteroidetes; c__Bacteroidia; o__Bacteroidales; f__Bacteroidaceae; g__Bacteroides; s__Bacteroides_caccae
0d8d94550363d6478a1b2501ffe91350	k__Bacteria; p__Firmicutes; c__Clostridia; o__Eubacteriales; f__Clostridiaceae; g__Butyricicoccus; s__Butyricicoccus_porcorum
16dff1b93bcc2b89ba2e07cd136ac1ce	k__Bacteria; p__Firmicutes; c__Clostridia; o__Eubacteriales; f__Lachnospiraceae; g__Coprococcus; s__Coprococcus_eutactus
c73070b295acec83082880618e4131e2	k__Bacteria; p__Firmicutes; c__Bacilli; o__Lactobacillales; f__Lactobacillaceae; g__Limosilactobacillus; s__Limosilactobacillus_mucosae
ace7795090e5902b9a96c8d28c988112	k__Bacteria; p__Bacteroidetes; c__Bacteroidia; o__Bacteroidales; f__Bacteroidaceae; g__Bacteroides; s__Bacteroides_intestinalis
2ea2c20e46914eb202e35424d4fbd3a9	k__Bacteria; p__Firmicutes; c__Clostridia; o__Eubacteriales; f__Lachnospiraceae; g__Coprococcus; s__Coprococcus_eutactus
a1d8bd5a644b445a9f7f0ff257de6180	k__Bacteria; p__Firmicutes; c__Erysipelotrichia; o__Erysipelotrichales; f__Coprobacillaceae; g__Catenibacterium; s__Catenibacterium_mitsuokai
822c08ed60718bc5da9fb4d3625c2137	k__Bacteria; p__Actinobacteria; c__Actinomycetia; o__Corynebacteriales; f__Lawsonellaceae; g__Lawsonella; s__Lawsonella_clevelandensis
4366598d5bfcb727f35f1d736e0ff451	k__Bacteria; p__Bacteroidetes; c__Bacteroidia; o__Bacteroidales; f__Tannerellaceae; g__Parabacteroides; s__Parabacteroides_distasonis
14a8140bae22a0c13311a58cfdfed5fb	k__Bacteria; p__Bacteroidetes; c__Bacteroidia; o__Bacteroidales; f__Bacteroidaceae; g__Bacteroides; s__Bacteroides_caccae
a6ed99bb89d5ae180e0aef46c920b2b5	k__Bacteria; p__Firmicutes; c__Negativicutes; o__Acidaminococcales; f__Acidaminococcaceae; g__Succiniclasticum; s__Succiniclasticum_ruminis
abcf2a70bfcafecc9e305706fb175554	k__Bacteria; p__Actinobacteria; c__Coriobacteriia; o__Eggerthellales; f__Eggerthellaceae; g__Slackia; s__Slackia_isoflavoniconvertens
7867aa3459fb2ff472bb77e778e73792	k__Bacteria; p__Firmicutes; c__Erysipelotrichia; o__Erysipelotrichales; f__Coprobacillaceae; g__Coprobacillus; s__Coprobacillus_cateniformis
5955cc1bd4d1405e6c99856fcd85e611	k__Bacteria; p__Firmicutes; c__Erysipelotrichia; o__Erysipelotrichales; f__Erysipelotrichaceae; g__Erysipelatoclostridium; s__[Clostridium]_spiroforme
af276c168314b7c2daa6e623f444f8af	k__Bacteria; p__Bacteroidetes; c__Bacteroidia; o__Bacteroidales; f__Bacteroidaceae; g__Bacteroides; s__Bacteroides_caccae
2ea0a4bf9fa075d3da8d905608e3d935	k__Bacteria; p__Firmicutes; c__Clostridia; o__Eubacteriales; f__Oscillospiraceae; g__Ruminococcus; s__Ruminococcus_callidus
754c5abba2a20bcb993690aefa3b4c3f	k__Bacteria; p__Bacteroidetes; c__Bacteroidia; o__Bacteroidales; f__Tannerellaceae; g__Parabacteroides; s__Parabacteroides_gordonii
c485b9c15e3acdd4d26cc8ca47838d9b	k__Bacteria; p__Bacteroidetes; c__Bacteroidia; o__Bacteroidales; f__Bacteroidaceae; g__Bacteroides; s__Bacteroides_caccae
33410deed9bde71108a647cfd9ba00d6	k__Bacteria; p__Firmicutes; c__Clostridia; o__Eubacteriales; f__Oscillospiraceae; g__Faecalibacterium; s__Faecalibacterium_prausnitzii:bacterium_ic1379
11192deda0abddbf999baab96f57c492	k__Bacteria; p__Firmicutes; c__Clostridia; o__Eubacteriales; f__Lachnospiraceae; g__Anaerostipes; s__Anaerostipes_caccae
d7aa9c05aa76f091e59511a3092c5332	k__Bacteria; p__Bacteroidetes; c__Bacteroidia; o__Bacteroidales; f__Tannerellaceae; g__Parabacteroides; s__Parabacteroides_distasonis
6c85409437f072e18e312ff52cd36c4d	k__Bacteria; p__Actinobacteria; c__Coriobacteriia; o__Coriobacteriales; f__Coriobacteriaceae; g__Collinsella; s__Collinsella_aerofaciens
2c802dde28a301064f133a465d7690b9	k__Bacteria; p__Tenericutes; c__Mollicutes; o__Acholeplasmatales; f__Acholeplasmataceae; g__Alteracholeplasma; s__Alteracholeplasma_parvum
4a604acd9e1f6f480db8010b2d61e198	k__Bacteria; p__Proteobacteria; c__Deltaproteobacteria; o__Desulfovibrionales; f__Desulfovibrionaceae; g__Desulfovibrio; s__Desulfovibrio_D168
a554422963f7a2c0a378549b0cf5c701	k__Bacteria; p__Firmicutes; c__Negativicutes; o__Veillonellales; f__Veillonellaceae; g__Megasphaera; s__Megasphaera_micronuciformis
f98c5925d52b5d45b07a863477d174f0	k__Bacteria; p__Firmicutes; c__Erysipelotrichia; o__Erysipelotrichales; f__Coprobacillaceae; g__Catenibacterium; s__Catenibacterium_mitsuokai
1f740ab84cb1e68e3f87c6909b17a641	k__Bacteria; p__Bacteroidetes; c__Bacteroidia; o__Bacteroidales; f__Bacteroidaceae; g__Bacteroides; s__Bacteroides_caccae
f8b51bf49e755b11fcea3564681ecec0	k__Bacteria; p__Bacteroidetes; c__Bacteroidia; o__Bacteroidales; f__Bacteroidaceae; g__Bacteroides; s__Bacteroides_caccae
edfc9ec09d43f7f64836eb2ce405c91a	k__Bacteria; p__Firmicutes; c__Clostridia; o__Eubacteriales; f__Lachnospiraceae; g__Eisenbergiella; s__Eisenbergiella_massiliensis
b3110be236ff6a6cda07f829291b670c	k__Bacteria; p__Firmicutes; c__Bacilli; o__Lactobacillales; f__Lactobacillaceae; g__Lacticaseibacillus; s__Lacticaseibacillus_chiayiensis
2e29ea455c51c84a15aee5133d0efd55	k__Bacteria; p__Firmicutes; c__Tissierellia; o__Tissierellales; f__Peptoniphilaceae; g__Anaerococcus; s__Anaerococcus_prevotii
a018e722cca9aa2e395d8c79ae1112e8	k__Bacteria; p__Firmicutes; c__Clostridia; o__Eubacteriales; f__Clostridiaceae; g__Clostridium; s__Clostridium_aminobutyricum
a02688046b8581aa4162895d8028d8bb	k__Bacteria; p__Proteobacteria; c__Deltaproteobacteria; o__Desulfovibrionales; f__Desulfovibrionaceae; g__Desulfovibrio; s__Desulfovibrio_D168
ecb8a537d70d08bfb68b1a6def9cbe5e	k__Bacteria; p__Bacteroidetes; c__Bacteroidia; o__Bacteroidales; f__Tannerellaceae; g__Parabacteroides; s__Parabacteroides_distasonis
37567b2489cabdf7aaf8145a00adaea1	k__Bacteria; p__Bacteroidetes; c__Bacteroidia; o__Bacteroidales; f__Tannerellaceae; g__Parabacteroides; s__Parabacteroides_distasonis
c4abdbfb9f58bd9a5913d85187410b93	k__Bacteria; p__Firmicutes; c__Clostridia; o__Eubacteriales; f__Lachnospiraceae; g__Caecibacterium; s__Caecibacterium_sporoformans
779336db10314827400eb77e02253b1c	k__Bacteria; p__Bacteroidetes; c__Bacteroidia; o__Bacteroidales; f__Bacteroidaceae; g__Bacteroides; s__Bacteroides_caccae
7936a4da69426fbece70ae72d8a0890f	k__Bacteria; p__Bacteroidetes; c__Bacteroidia; o__Bacteroidales; f__Bacteroidaceae; g__Bacteroides; s__Bacteroides_caccae
92f53f20e3ce0ab77e3014b7f204977b	k__Bacteria; p__Firmicutes; c__Clostridia; o__Eubacteriales; f__Lachnospiraceae; g__Robinsoniella; s__Robinsoniella_peoriensis
b4d2167c3b18129d2c2854b5e7794ea8	k__Bacteria; p__Firmicutes; c__Clostridia; o__Eubacteriales; f__Lachnospiraceae; g__Blautia; s__Blautia_hydrogenotrophica
5ebe247dca12def1d7a94002c047d897	k__Bacteria; p__Bacteroidetes; c__Bacteroidia; o__Bacteroidales; f__Muribaculaceae; g__Muribaculum; s__Muribaculum_intestinale
c08e8693ca19bb4d23d8afee005b73fa	k__Bacteria; p__Bacteroidetes; c__Bacteroidia; o__Bacteroidales; f__Prevotellaceae; g__Metaprevotella; s__Metaprevotella_massiliensis
f7d99d63cc315afb0b6d6d5319d4d610	k__Bacteria; p__Firmicutes; c__Clostridia; o__Eubacteriales; f__Oscillospiraceae; g__Hydrogeniiclostridium; s__Hydrogeniiclostridium_mannosilyticum
9c2c738d72b41b5f824783a7e5f5278c	k__Bacteria; p__Bacteroidetes; c__Bacteroidia; o__Bacteroidales; f__Tannerellaceae; g__Parabacteroides; s__Parabacteroides_distasonis
6c0449efb946a1b3c07f461a341545a8	k__Bacteria; p__Bacteroidetes; c__Bacteroidia; o__Bacteroidales; f__Tannerellaceae; g__Parabacteroides; s__Parabacteroides_distasonis
df37b2aaf5d3c48df8cbacc1818d5cc2	k__Bacteria; p__Firmicutes; c__Bacilli; o__Lactobacillales; f__Lactobacillaceae; g__Lactobacillus; s__Lactobacillus_gasseri
4fade3bd95ececfd972fae3328496783	k__Bacteria; p__Bacteroidetes; c__Bacteroidia; o__Bacteroidales; f__Bacteroidaceae; g__Bacteroides; s__Bacteroides_caccae
6f5304513a193c99a6da04c13f370b89	k__Bacteria; p__Bacteroidetes; c__Bacteroidia; o__Bacteroidales; f__Bacteroidaceae; g__Bacteroides; s__Bacteroides_caccae
9d36f89ac0464f8c6f9c69edaf799c3d	k__Bacteria; p__Bacteroidetes; c__Bacteroidia; o__Bacteroidales; f__Bacteroidaceae; g__Bacteroides; s__Bacteroides_caccae
e9863ed5bb7125eb7e1ed295f4c1d188	k__Bacteria; p__Bacteroidetes; c__Bacteroidia; o__Bacteroidales; f__Bacteroidaceae; g__Bacteroides; s__Bacteroides_caccae
31fc2663cc507a7a20503d158b0578cc	k__Bacteria; p__Bacteroidetes; c__Bacteroidia; o__Bacteroidales; f__Bacteroidaceae; g__Bacteroides; s__Bacteroides_caccae
f2f117cf69627b6a9891532207405c1a	k__Bacteria; p__Bacteroidetes; c__Bacteroidia; o__Bacteroidales; f__Tannerellaceae; g__Parabacteroides; s__Parabacteroides_distasonis
ea3c52539a4c486b98ad1563fff6866a	k__Bacteria; p__Synergistetes; c__Synergistia; o__Synergistales; f__Synergistaceae; g__Rarimicrobium; s__Rarimicrobium_hominis
f2adc81847a5a16ab99967ab84f9da2c	k__Bacteria; p__Firmicutes; c__Clostridia; o__Eubacteriales; f__Lachnospiraceae; g__Dorea; s__Dorea_formicigenerans
a31863de93360b9605d32909706d5a10	k__Bacteria; p__Bacteroidetes; c__Bacteroidia; o__Bacteroidales; f__Prevotellaceae; g__Alloprevotella; s__Alloprevotella_rava
652c81adcbd0280b25fa856dbb94036c	k__Bacteria; p__Firmicutes; c__Negativicutes; o__Acidaminococcales; f__Acidaminococcaceae; g__Phascolarctobacterium; s__Phascolarctobacterium_succinatutens
53d0a80a0031f19b77220ae5dfcd46ff	k__Bacteria; p__Firmicutes; c__Clostridia; o__Eubacteriales; f__Unknown; g__Intestinimonas; s__Intestinimonas_massiliensis
320e4094ab5827965f61f8406c1071f5	k__Bacteria; p__Verrucomicrobia; c__Verrucomicrobiae; o__Verrucomicrobiales; f__Akkermansiaceae; g__Akkermansia; s__Akkermansia_muciniphila
bf596f4e57923ba351f21653c3a3d7fc	k__Bacteria; p__Firmicutes; c__Clostridia; o__Eubacteriales; f__Lachnospiraceae; g__Blautia; s__Blautia_hydrogenotrophica
bea631f13809df65edef286acc68edb1	k__Bacteria; p__Firmicutes; c__Tissierellia; o__Tissierellales; f__Peptoniphilaceae; g__Peptoniphilus; s__Peptoniphilus_duerdenii
73e4eed5100bf96f29bbf5957ea1e839	k__Bacteria; p__Proteobacteria; c__Deltaproteobacteria; o__Desulfovibrionales; f__Desulfovibrionaceae; g__Desulfovibrio; s__Desulfovibrio_fairfieldensis
199580ad5f374e85f382984e5286ab7b	k__Bacteria; p__Firmicutes; c__Clostridia; o__Eubacteriales; f__Unknown; g__Intestinimonas; s__Intestinimonas_massiliensis
2a9b8dc91efa6871bebadc171e94c49e	k__Bacteria; p__Bacteroidetes; c__Bacteroidia; o__Bacteroidales; f__Prevotellaceae; g__Prevotella; s__Prevotella_paludivivens
6c18ec7ed2769d2412f8ccd7e9c1bb34	k__Bacteria; p__Bacteroidetes; c__Bacteroidia; o__Bacteroidales; f__Tannerellaceae; g__Parabacteroides; s__Parabacteroides_distasonis
4533e1c558ce421df06b2bc613b56a37	k__Bacteria; p__Firmicutes; c__Erysipelotrichia; o__Erysipelotrichales; f__Turicibacteraceae; g__Turicibacter; s__Turicibacter_sanguinis
6eeb0300c51a2aeb8cacff66a27a5784	k__Bacteria; p__Synergistetes; c__Synergistia; o__Synergistales; f__Synergistaceae; g__Cloacibacillus; s__Cloacibacillus_porcorum
8220396c8a663587424dd3931ff3d98c	k__Bacteria; p__Bacteroidetes; c__Bacteroidia; o__Bacteroidales; f__Prevotellaceae; g__Paraprevotella; s__Paraprevotella_xylaniphila
e5f16054d9b806eb7727971b35b8a54e	k__Bacteria; p__Verrucomicrobia; c__Verrucomicrobiae; o__Verrucomicrobiales; f__Akkermansiaceae; g__Akkermansia; s__Akkermansia_muciniphila
52f3460409fa976181b0d2ac3eb77525	k__Bacteria; p__Firmicutes; c__Clostridia; o__Eubacteriales; f__Lachnospiraceae; g__Blautia; s__Blautia_obeum
82d4fdf11e1e3ba19fc9af97983e0e45	k__Bacteria; p__Firmicutes; c__Clostridia; o__Eubacteriales; f__Lachnospiraceae; g__Blautia; s__Blautia_glucerasea
04e839a9c18b425320abe169d405a7c6	k__Bacteria; p__Bacteroidetes; c__Bacteroidia; o__Bacteroidales; f__Tannerellaceae; g__Parabacteroides; s__Parabacteroides_chongii
1af404e8b538c6cac85684050f8616bf	k__Bacteria; p__Bacteroidetes; c__Bacteroidia; o__Bacteroidales; f__Bacteroidaceae; g__Bacteroides; s__Bacteroides_caccae
bec57e24f5158ec4b0e74ef05df6a893	k__Bacteria; p__Firmicutes; c__Bacilli; o__Lactobacillales; f__Lactobacillaceae; g__Ligilactobacillus; s__Ligilactobacillus_ruminis
91d2eb845a66f7668f630f9458f3c286	k__Bacteria; p__Proteobacteria; c__Epsilonproteobacteria; o__Campylobacterales; f__Campylobacteraceae; g__Campylobacter; s__Campylobacter_ureolyticus
2ba59e9cadc695e72f18a473c373fa13	k__Bacteria; p__Firmicutes; c__Negativicutes; o__Selenomonadales; f__Selenomonadaceae; g__Mitsuokella; s__Mitsuokella_jalaludinii
bc8febfa9c3f8bebc42522df1d883a36	k__Bacteria; p__Firmicutes; c__Clostridia; o__Eubacteriales; f__Oscillospiraceae; g__Petroclostridium; s__Petroclostridium_xylanilyticum
750394ad1c58ed11718826a19f231c66	k__Bacteria; p__Bacteroidetes; c__Bacteroidia; o__Bacteroidales; f__Bacteroidaceae; g__Phocaeicola; s__Phocaeicola_coprophilus
69b370a3e4450b1a59f744f734f2ba8a	k__Bacteria; p__Verrucomicrobia; c__Verrucomicrobiae; o__Verrucomicrobiales; f__Akkermansiaceae; g__Akkermansia; s__Akkermansia_muciniphila
d9409d8381b1b22a4d10ca2b6bdb2153	k__Bacteria; p__Firmicutes; c__Tissierellia; o__Tissierellales; f__Peptoniphilaceae; g__Finegoldia; s__Finegoldia_magna
d4f187ca1f1b1eebca3d299afc1afa9f	k__Bacteria; p__Proteobacteria; c__Deltaproteobacteria; o__Desulfovibrionales; f__Desulfovibrionaceae; g__Desulfovibrio; s__Desulfovibrio_D168
2d578a97978cfed429f5e122855b6374	k__Bacteria; p__Firmicutes; c__Clostridia; o__Eubacteriales; f__Oscillospiraceae; g__Unknown; s__[Clostridium]_methylpentosum
a877b31f4b4e7856b5407739d39b6a26	k__Bacteria; p__Bacteroidetes; c__Bacteroidia; o__Bacteroidales; f__Tannerellaceae; g__Parabacteroides; s__Parabacteroides_distasonis
0d7b8a4073658979877f284f0cd6788c	k__Bacteria; p__Bacteroidetes; c__Bacteroidia; o__Bacteroidales; f__Bacteroidaceae; g__Bacteroides; s__Bacteroides_caccae
7e95d22721b1c7d53066b36dd5b08c39	k__Bacteria; p__Synergistetes; c__Synergistia; o__Synergistales; f__Synergistaceae; g__Pyramidobacter; s__Pyramidobacter_piscolens
8fe1746b8c6f5ba835dbd1daa8adb675	k__Bacteria; p__Bacteroidetes; c__Bacteroidia; o__Bacteroidales; f__Tannerellaceae; g__Parabacteroides; s__Parabacteroides_distasonis
045c48ef0ee26dfe655973e881e27fe8	k__Bacteria; p__Firmicutes; c__Tissierellia; o__Tissierellales; f__Peptoniphilaceae; g__Peptoniphilus; s__Peptoniphilus_coxii
f19384a6f6e1d2703005b7115e56c53d	k__Bacteria; p__Firmicutes; c__Erysipelotrichia; o__Erysipelotrichales; f__Coprobacillaceae; g__Catenibacterium; s__Catenibacterium_mitsuokai
36264212b7f5835d4ea1219b1edf3cd1	k__Bacteria; p__Firmicutes; c__Clostridia; o__Eubacteriales; f__Oscillospiraceae; g__Caproicibacter; s__Caproicibacter_fermentans
488bff0aae10f6f14c6598d976a2903c	k__Bacteria; p__Bacteroidetes; c__Bacteroidia; o__Bacteroidales; f__Tannerellaceae; g__Parabacteroides; s__Parabacteroides_distasonis
8158431f45345dc3ee97427d3a402abf	k__Bacteria; p__Bacteroidetes; c__Bacteroidia; o__Bacteroidales; f__Prevotellaceae; g__Prevotella; s__Prevotella_copri
f4d26a4a591e1e9d27432cec502bd560	k__Bacteria; p__Bacteroidetes; c__Bacteroidia; o__Bacteroidales; f__Tannerellaceae; g__Parabacteroides; s__Parabacteroides_distasonis
25c9eda5882edcd9576c9d4252c01f37	k__Bacteria; p__Bacteroidetes; c__Bacteroidia; o__Bacteroidales; f__Tannerellaceae; g__Parabacteroides; s__Parabacteroides_distasonis
f0300a61fe8b0adbd7dfbec87ddc99c3	k__Bacteria; p__Actinobacteria; c__Coriobacteriia; o__Coriobacteriales; f__Coriobacteriaceae; g__Senegalimassilia; s__Senegalimassilia_anaerobia
7af0d431b62f50dbc2609749c27f0eac	k__Bacteria; p__Firmicutes; c__Clostridia; o__Eubacteriales; f__Eubacteriales_Family_XIII._Incertae_Sedis; g__Bacilliculturomica; s__Bacilliculturomica_massiliensis
c480734ad4684019682be7aa99620594	k__Bacteria; p__Firmicutes; c__Tissierellia; o__Tissierellales; f__Peptoniphilaceae; g__Peptoniphilus; s__Peptoniphilus_obesi
0000c26c0502428597403434943bad69	k__Bacteria; p__Verrucomicrobia; c__Verrucomicrobiae; o__Verrucomicrobiales; f__Akkermansiaceae; g__Akkermansia; s__Akkermansia_muciniphila
84dc152c902858b28f1f0c7c5f98f604	k__Bacteria; p__Synergistetes; c__Synergistia; o__Synergistales; f__Synergistaceae; g__Pyramidobacter; s__Pyramidobacter_piscolens
caa5834bc035c6f3f48e586e1359614c	k__Bacteria; p__Actinobacteria; c__Actinomycetia; o__Bifidobacteriales; f__Bifidobacteriaceae; g__Alloscardovia; s__Alloscardovia_omnicolens
3ca7a19d0948887f13756b3a3c52aec9	k__Bacteria; p__Bacteroidetes; c__Bacteroidia; o__Bacteroidales; f__Odoribacteraceae; g__Butyricimonas; s__Butyricimonas_virosa
8273bfb0ea53b7507354c427ad89036d	k__Bacteria; p__Firmicutes; c__Tissierellia; o__Tissierellales; f__Peptoniphilaceae; g__Peptoniphilus; s__Peptoniphilus_obesi
c6bbd1ca9965327054338c37468fd463	k__Bacteria; p__Firmicutes; c__Erysipelotrichia; o__Erysipelotrichales; f__Erysipelotrichaceae; g__[Eubacterium]; s__[Eubacterium]_biforme
be8a4e9232fd0100abc2a6f4402bba8d	k__Bacteria; p__Firmicutes; c__Erysipelotrichia; o__Erysipelotrichales; f__Erysipelotrichaceae; g__[Eubacterium]; s__[Eubacterium]_biforme
333b6729d0acfe13eee5a8efeb5b156b	k__Bacteria; p__Bacteroidetes; c__Bacteroidia; o__Bacteroidales; f__Tannerellaceae; g__Parabacteroides; s__Parabacteroides_distasonis
689a923dd68d818b0023f71b8b8e5094	k__Bacteria; p__Proteobacteria; c__Deltaproteobacteria; o__Desulfovibrionales; f__Desulfovibrionaceae; g__Mailhella; s__Mailhella_massiliensis
00583eaeed5726df906dfa17994c4323	k__Bacteria; p__Firmicutes; c__Tissierellia; o__Tissierellales; f__Peptoniphilaceae; g__Parvimonas; s__Parvimonas_micra
bf494ce4318891e939e65cb9342733a6	k__Bacteria; p__Firmicutes; c__Clostridia; o__Eubacteriales; f__Peptostreptococcaceae; g__Romboutsia; s__Romboutsia_timonensis
fc2f9cdc44e97e8d1bc71e63e56107b9	k__Bacteria; p__Firmicutes; c__Clostridia; o__Eubacteriales; f__Peptostreptococcaceae; g__Peptostreptococcus; s__Peptostreptococcus_anaerobius
1da9818ad31429ca16f8f5f09b3fc5e6	k__Bacteria; p__Fusobacteria; c__Fusobacteriia; o__Fusobacteriales; f__Fusobacteriaceae; g__Fusobacterium; s__Fusobacterium_ulcerans
9ce837157ac16f8fd2be5b61fec71b8c	k__Bacteria; p__Firmicutes; c__Clostridia; o__Eubacteriales; f__Peptostreptococcaceae; g__Filifactor; s__Filifactor_villosus
f440b2e6d48426c80e33de5033a53871	k__Bacteria; p__Bacteroidetes; c__Bacteroidia; o__Bacteroidales; f__Rikenellaceae; g__Rikenellaceae_RC9_gut_group; s__Bacteroidales_oral
81070cbcb1f7d113a38379063d4945db	k__Bacteria; p__Firmicutes; c__Clostridia; o__Eubacteriales; f__Lachnospiraceae; g__Blautia; s__Blautia_coccoides
83d8121e353101d87ac0acb81c1c4042	k__Bacteria; p__Firmicutes; c__Clostridia; o__Eubacteriales; f__Oscillospiraceae; g__Fastidiosipila; s__Fastidiosipila_sanguinis
167d0de289efc7386990bdd2d785ae6d	k__Bacteria; p__Firmicutes; c__Clostridia; o__Eubacteriales; f__Oscillospiraceae; g__Faecalibacterium; s__Faecalibacterium_prausnitzii
f13a04b59be989eb8ecc6a9286661bba	k__Bacteria; p__Firmicutes; c__Clostridia; o__Eubacteriales; f__Oscillospiraceae; g__Faecalibacterium; s__Faecalibacterium_prausnitzii
5549776d6edc999d2a0518ee92e8b82c	k__Bacteria; p__Bacteroidetes; c__Bacteroidia; o__Bacteroidales; f__Bacteroidaceae; g__Phocaeicola; s__Phocaeicola_plebeius
d104e26d52d73946d6a6e111899dabf5	k__Bacteria; p__Bacteroidetes; c__Bacteroidia; o__Bacteroidales; f__Rikenellaceae; g__Rikenellaceae_RC9_gut_group; s__Bacteroidales_oral
ed3b367a0d362674141a42916fa4af99	k__Bacteria; p__Bacteroidetes; c__Bacteroidia; o__Bacteroidales; f__Prevotellaceae; g__Prevotella; s__Prevotella_brunnea
ae0b7de32fe370f8ca0af41c5eb95271	k__Bacteria; p__Firmicutes; c__Clostridia; o__Eubacteriales; f__Lachnospiraceae; g__Herbinix; s__Herbinix_luporum
d122798a5e842e733e34f6215753f3e5	k__Bacteria; p__Synergistetes; c__Synergistia; o__Synergistales; f__Synergistaceae; g__Cloacibacillus; s__Cloacibacillus_porcorum
6cf039652da0b1755a11df3db78a4001	k__Bacteria; p__Bacteroidetes; c__Bacteroidia; o__Bacteroidales; f__Porphyromonadaceae; g__Sanguibacteroides; s__Sanguibacteroides_justesenii
13558c4cc0b2865aa3db54d8a3c981de	k__Bacteria; p__Bacteroidetes; c__Bacteroidia; o__Bacteroidales; f__Bacteroidaceae; g__Mediterranea; s__Mediterranea_massiliensis
9a406ef5e5ae4cc8f47920570fbdbf5e	k__Bacteria; p__Bacteroidetes; c__Bacteroidia; o__Bacteroidales; f__Tannerellaceae; g__Parabacteroides; s__Parabacteroides_distasonis
07108c0a309faa7780a884287a463e08	k__Bacteria; p__Firmicutes; c__Clostridia; o__Eubacteriales; f__Oscillospiraceae; g__Harryflintia; s__Harryflintia_acetispora
19c1ffa45865236078afd4c80f67140d	k__Bacteria; p__Firmicutes; c__Erysipelotrichia; o__Erysipelotrichales; f__Erysipelotrichaceae; g__[Eubacterium]; s__[Eubacterium]_biforme
89ab89d15c76a7c4f8853da046075eb5	k__Bacteria; p__Bacteroidetes; c__Bacteroidia; o__Bacteroidales; f__Tannerellaceae; g__Parabacteroides; s__Parabacteroides_distasonis
2fef6d1025a9963c08c41b95b92a0538	k__Bacteria; p__Bacteroidetes; c__Bacteroidia; o__Bacteroidales; f__Tannerellaceae; g__Parabacteroides; s__Parabacteroides_distasonis
e5aae0cbb055c7a915a38a2737d3bda0	k__Bacteria; p__Actinobacteria; c__Actinomycetia; o__Actinomycetales; f__Actinomycetaceae; g__Mobiluncus; s__Mobiluncus_curtisii
e2b20b5b0a104f6d5948684d38ceb53f	k__Bacteria; p__Firmicutes; c__Bacilli; o__Lactobacillales; f__Lactobacillaceae; g__Lactobacillus; s__Lactobacillus_equicursoris
1965006e6477305ae8fa2651c3a3ae74	k__Bacteria; p__Bacteroidetes; c__Bacteroidia; o__Bacteroidales; f__Porphyromonadaceae; g__Porphyromonas; s__Porphyromonas_somerae
f550f4235b1cf18a2ecc18121578f6f2	k__Bacteria; p__Verrucomicrobia; c__Verrucomicrobiae; o__Verrucomicrobiales; f__Akkermansiaceae; g__Akkermansia; s__Akkermansia_muciniphila
89450f5b84baf41116633e5a8f9fd2e4	k__Bacteria; p__Firmicutes; c__Erysipelotrichia; o__Erysipelotrichales; f__Erysipelotrichaceae; g__Longibaculum; s__Longibaculum_muris
9a23cb18cfbc0275baa804dbea0122e5	k__Bacteria; p__Verrucomicrobia; c__Verrucomicrobiae; o__Verrucomicrobiales; f__Akkermansiaceae; g__Akkermansia; s__Akkermansia_muciniphila
ceab6bbea8c19c823f86989cb8636d2d	k__Bacteria; p__Firmicutes; c__Clostridia; o__Eubacteriales; f__Peptococcaceae; g__Peptococcus; s__Peptococcus_niger-simiae
954d7e7e67728ab27a0ec483c690e899	k__Bacteria; p__Firmicutes; c__Negativicutes; o__Veillonellales; f__Veillonellaceae; g__Anaeroglobus; s__Anaeroglobus_geminatus
f004dbb0ff2f9293271c13e9eca5e8e8	k__Bacteria; p__Verrucomicrobia; c__Verrucomicrobiae; o__Verrucomicrobiales; f__Akkermansiaceae; g__Akkermansia; s__Akkermansia_muciniphila
f9d5586a1146bdde6c002c5b39cef600	k__Bacteria; p__Verrucomicrobia; c__Verrucomicrobiae; o__Verrucomicrobiales; f__Akkermansiaceae; g__Akkermansia; s__Akkermansia_muciniphila
8a25b44a1968944c620037e0ceb7133a	k__Bacteria; p__Firmicutes; c__Tissierellia; o__Tissierellales; f__Peptoniphilaceae; g__Peptoniphilus; s__Peptoniphilus_catoniae
048420b354ba611a59a76518a9c381a9	k__Bacteria; p__Bacteroidetes; c__Bacteroidia; o__Bacteroidales; f__Prevotellaceae; g__Prevotella; s__Prevotella_copri
deb8baa9eb4baf7f65137f543015eb67	k__Bacteria; p__Proteobacteria; c__Epsilonproteobacteria; o__Campylobacterales; f__Campylobacteraceae; g__Campylobacter; s__Campylobacter_gracilis
b0aea8098d46346386262bd29700976c	k__Bacteria; p__Bacteroidetes; c__Bacteroidia; o__Bacteroidales; f__Prevotellaceae; g__Prevotella; s__Prevotella_copri
2ae63e02f8015aa48a069ba9f8de47c4	k__Bacteria; p__Bacteroidetes; c__Bacteroidia; o__Bacteroidales; f__Prevotellaceae; g__Prevotella; s__Prevotella_copri
8d6bc81241ec4889b3a39eddf7c6e5af	k__Bacteria; p__Bacteroidetes; c__Bacteroidia; o__Bacteroidales; f__Prevotellaceae; g__Prevotella; s__Prevotella_copri
651f334a43871c813c2b3f233e9aafe5	k__Bacteria; p__Firmicutes; c__Tissierellia; o__Tissierellales; f__Peptoniphilaceae; g__Anaerococcus; s__Anaerococcus_provencensis
e1b9fd8d0ec0abb0939eda1e6d3fe61a	k__Bacteria; p__Firmicutes; c__Clostridia; o__Eubacteriales; f__Lachnospiraceae; g__Blautia; s__Blautia_obeum
28dec0f931a25d918fb6ed4daeb9b842	k__Bacteria; p__Actinobacteria; c__Actinomycetia; o__Corynebacteriales; f__Corynebacteriaceae; g__Corynebacterium; s__Corynebacterium_pyruviciproducens
e99e4d1f3bc2d7455159f53188f29536	k__Bacteria; p__Firmicutes; c__Erysipelotrichia; o__Erysipelotrichales; f__Erysipelotrichaceae; g__[Eubacterium]; s__[Eubacterium]_biforme
764388db36e8cf6ffe0867cb03a94559	k__Bacteria; p__Bacteroidetes; c__Bacteroidia; o__Bacteroidales; f__Tannerellaceae; g__Parabacteroides; s__Parabacteroides_distasonis
a6841c470dd4456fbb3a942149403bf1	k__Bacteria; p__Bacteroidetes; c__Bacteroidia; o__Bacteroidales; f__Tannerellaceae; g__Parabacteroides; s__Parabacteroides_distasonis
343be875f7d07b4285a03dd01e94d957	k__Bacteria; p__Bacteroidetes; c__Bacteroidia; o__Bacteroidales; f__Tannerellaceae; g__Parabacteroides; s__Parabacteroides_distasonis
33a921e31428c156018c3e2609a413b3	k__Bacteria; p__Bacteroidetes; c__Bacteroidia; o__Bacteroidales; f__Tannerellaceae; g__Parabacteroides; s__Parabacteroides_distasonis
40da80f79c38000fb04466163ad216df	k__Bacteria; p__Verrucomicrobia; c__Verrucomicrobiae; o__Verrucomicrobiales; f__Akkermansiaceae; g__Akkermansia; s__Akkermansia_muciniphila
88eb80b584b6e72f808b0e0aff67fc18	k__Bacteria; p__Firmicutes; c__Clostridia; o__Eubacteriales; f__Lachnospiraceae; g__Faecalicatena; s__Faecalicatena_contorta
54a16b08609721646e385a69e2c32170	k__Bacteria; p__Firmicutes; c__Clostridia; o__Eubacteriales; f__Eubacteriaceae; g__Eubacterium; s__Eubacterium_limosum
4e2f438ffc4b7eca609ef8599f5c0abe	k__Bacteria; p__Firmicutes; c__Clostridia; o__Eubacteriales; f__Lachnospiraceae; g__Cellulosilyticum; s__Cellulosilyticum_ruminicola
ef5cc47a67cf6a6a9ca28acbf0290b9a	k__Bacteria; p__Firmicutes; c__Clostridia; o__Eubacteriales; f__Oscillospiraceae; g__Faecalibacterium; s__Faecalibacterium_prausnitzii
fff231089f6c26e0adf74e9fb6979baa	k__Bacteria; p__Firmicutes; c__Clostridia; o__Eubacteriales; f__Oscillospiraceae; g__Faecalibacterium; s__Faecalibacterium_prausnitzii
133995cb083f770f9f9a40a2c44cbb4d	k__Bacteria; p__Bacteroidetes; c__Bacteroidia; o__Bacteroidales; f__Tannerellaceae; g__Parabacteroides; s__Parabacteroides_distasonis
f83b6686f43c12aa079656a481846960	k__Bacteria; p__Firmicutes; c__Clostridia; o__Eubacteriales; f__Oscillospiraceae; g__Faecalibacterium; s__Faecalibacterium_prausnitzii
8a38aff1d2a7f618ee32d56613b4c999	k__Bacteria; p__Firmicutes; c__Clostridia; o__Eubacteriales; f__Lachnospiraceae; g__Blautia; s__Blautia_obeum
4a8e498c16b9e85fb875774555063401	k__Bacteria; p__Bacteroidetes; c__Bacteroidia; o__Bacteroidales; f__Tannerellaceae; g__Parabacteroides; s__Parabacteroides_distasonis
f51a17fcb510d939ef7240d3f74a81f2	k__Bacteria; p__Verrucomicrobia; c__Verrucomicrobiae; o__Verrucomicrobiales; f__Akkermansiaceae; g__Akkermansia; s__Akkermansia_muciniphila
40e3f1851a072d8931ee24cd6377b06a	k__Bacteria; p__Bacteroidetes; c__Bacteroidia; o__Bacteroidales; f__Prevotellaceae; g__Prevotella; s__Prevotella_copri
eaa13e0f305efcfe081a0df3b4e92916	k__Bacteria; p__Firmicutes; c__Erysipelotrichia; o__Erysipelotrichales; f__Erysipelotrichaceae; g__[Eubacterium]; s__[Eubacterium]_biforme
449829aad5342eebc557110f4e69a1e9	k__Bacteria; p__Firmicutes; c__Erysipelotrichia; o__Erysipelotrichales; f__Erysipelotrichaceae; g__[Eubacterium]; s__[Eubacterium]_biforme
e6444d60c6366a7ab3cee8709f175afc	k__Bacteria; p__Firmicutes; c__Clostridia; o__Eubacteriales; f__Lachnospiraceae; g__Lachnoclostridium; s__[Clostridium]_polysaccharolyticum
b066ab384ed74a309dce680e524e15a3	k__Bacteria; p__Firmicutes; c__Erysipelotrichia; o__Erysipelotrichales; f__Erysipelotrichaceae; g__[Eubacterium]; s__[Eubacterium]_biforme
9ce81f65b149ace52c85d6016058fd82	k__Bacteria; p__Verrucomicrobia; c__Verrucomicrobiae; o__Verrucomicrobiales; f__Akkermansiaceae; g__Akkermansia; s__Akkermansia_muciniphila
3ffdcf13ed993efb24a28e296181e5a0	k__Bacteria; p__Firmicutes; c__Clostridia; o__Eubacteriales; f__Oscillospiraceae; g__Faecalibacterium; s__Faecalibacterium_prausnitzii
8bcfd77f9808b375b14add3e72b64aa9	k__Bacteria; p__Firmicutes; c__Clostridia; o__Eubacteriales; f__Oscillospiraceae; g__Faecalibacterium; s__Faecalibacterium_prausnitzii
75c11c337bd5556063bb0e2dc9acc8b0	k__Bacteria; p__Bacteroidetes; c__Bacteroidia; o__Bacteroidales; f__Prevotellaceae; g__Prevotella; s__Prevotella_copri
930d8d198dc7e9f41af456a019863204	k__Bacteria; p__Bacteroidetes; c__Bacteroidia; o__Bacteroidales; f__Prevotellaceae; g__Prevotella; s__Prevotella_copri
1dabdad40c14f1434d29355e91193576	k__Bacteria; p__Firmicutes; c__Erysipelotrichia; o__Erysipelotrichales; f__Erysipelotrichaceae; g__[Eubacterium]; s__[Eubacterium]_biforme
0bf168a0be26620f5d7dfb5b1edacf64	k__Bacteria; p__Firmicutes; c__Erysipelotrichia; o__Erysipelotrichales; f__Erysipelotrichaceae; g__[Eubacterium]; s__[Eubacterium]_biforme
